{
    "foreground_intensity_properties_per_channel": {
        "0": {
            "max": 7095.0,
            "mean": -0.9763553142547607,
            "median": 38.0,
            "min": -1000.0,
            "percentile_00_5": -978.0,
            "percentile_99_5": 276.0,
            "std": 215.79443359375
        }
    },
    "median_relative_size_after_cropping": 1.0,
    "shapes_after_crop": [
        [
            246,
            512,
            512
        ],
        [
            147,
            512,
            512
        ],
        [
            158,
            512,
            512
        ],
        [
            284,
            512,
            512
        ],
        [
            179,
            512,
            512
        ],
        [
            154,
            512,
            512
        ],
        [
            163,
            512,
            512
        ],
        [
            180,
            512,
            512
        ],
        [
            171,
            512,
            512
        ],
        [
            228,
            512,
            512
        ],
        [
            162,
            512,
            512
        ],
        [
            150,
            512,
            512
        ],
        [
            166,
            512,
            512
        ],
        [
            166,
            512,
            512
        ],
        [
            183,
            512,
            512
        ],
        [
            190,
            512,
            512
        ],
        [
            206,
            512,
            512
        ],
        [
            158,
            512,
            512
        ],
        [
            181,
            512,
            512
        ],
        [
            153,
            512,
            512
        ],
        [
            168,
            512,
            512
        ],
        [
            150,
            512,
            512
        ],
        [
            247,
            512,
            512
        ],
        [
            213,
            512,
            512
        ],
        [
            179,
            512,
            512
        ],
        [
            171,
            512,
            512
        ],
        [
            148,
            512,
            512
        ],
        [
            157,
            512,
            512
        ],
        [
            263,
            512,
            512
        ],
        [
            192,
            512,
            512
        ],
        [
            181,
            512,
            512
        ],
        [
            188,
            512,
            512
        ],
        [
            176,
            512,
            512
        ],
        [
            228,
            512,
            512
        ],
        [
            203,
            512,
            512
        ]
    ],
    "spacings": [
        [
            2.5,
            0.9765620231628418,
            0.9765620231628418
        ],
        [
            2.5,
            0.9765620231628418,
            0.9765620231628418
        ],
        [
            2.5,
            0.9765620231628418,
            0.9765620231628418
        ],
        [
            2.0,
            0.9765625,
            0.9765625
        ],
        [
            2.0,
            0.9765625,
            0.9765625
        ],
        [
            2.5,
            0.9765620231628418,
            0.9765620231628418
        ],
        [
            2.0,
            0.9765625,
            0.9765625
        ],
        [
            2.5,
            1.269531011581421,
            1.269531011581421
        ],
        [
            2.0,
            0.9765625,
            0.9765625
        ],
        [
            2.0,
            0.9765625,
            0.9765625
        ],
        [
            2.5,
            0.9765620231628418,
            0.9765620231628418
        ],
        [
            2.5,
            0.8964840173721313,
            0.8964840173721313
        ],
        [
            2.5,
            0.9765620231628418,
            0.9765620231628418
        ],
        [
            2.5,
            0.9765620231628418,
            0.9765620231628418
        ],
        [
            2.5,
            0.9765620231628418,
            0.9765620231628418
        ],
        [
            2.5,
            0.9765620231628418,
            0.9765620231628418
        ],
        [
            2.5,
            1.3671879768371582,
            1.3671879768371582
        ],
        [
            2.5,
            0.9765620231628418,
            0.9765620231628418
        ],
        [
            2.5,
            0.9765620231628418,
            0.9765620231628418
        ],
        [
            2.5,
            0.9765620231628418,
            0.9765620231628418
        ],
        [
            2.5,
            0.9765620231628418,
            0.9765620231628418
        ],
        [
            2.5,
            0.9765620231628418,
            0.9765620231628418
        ],
        [
            2.0,
            0.9765625,
            0.9765625
        ],
        [
            2.0,
            0.9765625,
            0.9765625
        ],
        [
            2.5,
            0.9765620231628418,
            0.9765620231628418
        ],
        [
            2.5,
            0.9765620231628418,
            0.9765620231628418
        ],
        [
            2.5,
            0.9765620231628418,
            0.9765620231628418
        ],
        [
            2.5,
            0.9765620231628418,
            0.9765620231628418
        ],
        [
            2.0,
            0.9765625,
            0.9765625
        ],
        [
            2.5,
            0.9765620231628418,
            0.9765620231628418
        ],
        [
            2.0,
            1.3671875,
            1.3671875
        ],
        [
            2.0,
            0.9765625,
            0.9765625
        ],
        [
            2.5,
            0.9765620231628418,
            0.9765620231628418
        ],
        [
            2.0,
            0.9765625,
            0.9765625
        ],
        [
            2.5,
            0.9765620231628418,
            0.9765620231628418
        ]
    ]
}